SD004	SD014	0.0009207897968336783
SD004	SD013	0.08678275039882628
SD004	SD010	0.09763749450008903
SD004	SF005	0.09782981357419718
SD004	SF010	0.11873087804649234
SD004	SF001	0.1000063635709826
SD004	reference	0.15480903347237332
SD004	SD011	0.1830862584270642
SD004	SF003	0.13505638541542558
SD004	SF004	0.13960951207486372
SD004	SF008	0.13092147452329644
SD004	SI003	0.19820709635342823
SD004	SD007	0.20784932080203597
SD004	SD008	0.1413620921215483
SD004	SD006	0.13350907408122512
SD004	SH001	0.14210408574262764
SD004	SH008	0.14343459226816063
SD004	SH011	0.14296073757862662
SD004	SH002	0.12831571188292523
SD004	SH009	0.13643249426544118
SD004	SG012	0.2248110546038222
SD004	SH012	0.1299995856719056
SD004	SF012	0.07996407864665457
SD004	SH003	0.00937744927881699
SD004	SH005	0.008855042239067494
SD004	SH010	0.008855042239067494
SD004	SD005	0.003959666848519334
MD003	SD004	0.0008182611501224441
MD003	SD003	0.0008182611501224442
MD003	MD004	0.005030858231698607
MD003	SD014	0.0017370714882394887
MD003	SD013	0.08760002181959042
MD003	MD010	0.099980180951608
MD003	SD010	0.09845476592085316
MD003	SF005	0.0986470849949613
MD003	SF010	0.11954814946725646
MD003	SF001	0.10082363499174672
MD003	SB006	0.13982829237881753
MD003	reference	0.15562630489313745
MD003	MD011	0.15386396643083247
MD003	SD011	0.18390352984782832
MD003	SF003	0.13587365683618974
MD003	SF004	0.14042678349562787
MD003	SF008	0.13173874594406057
MD003	SI003	0.19902436777419236
MD003	MH004	0.15008549204328148
MD003	SD007	0.20866659222280012
MD003	SD008	0.14217936354231242
MD003	MD008	0.14173922033120587
MD003	SD006	0.13432634550198927
MD003	MD006	0.1585042217696983
MD003	MH008	0.15984582373365286
MD003	MH002	0.14214900154413893
MD003	SH001	0.14292135716339177
MD003	MH011	0.14515426158074074
MD003	SH008	0.14425186368892476
MD003	SH011	0.14377800899939075
MD003	MH001	0.14968997340678122
MD003	SH002	0.12913298330368936
MD003	MH009	0.14870377888884773
MD003	SH009	0.1372497656862053
MD003	SG012	0.22562832602458635
MD003	MH007	0.13017624572646086
MD003	SH012	0.13081685709266974
MD003	MD012	0.1370649892812279
MD003	SF012	0.08078135006741868
MD003	MD005	0.01982975927047446
MD003	MH010	0.0187115240549413
MD003	SD001	0.005532917713531629
MD003	SD002	0.008585631639472664
MD003	MH003	0.010752044405195988
MD003	SH003	0.010194720699581116
MD003	SH005	0.00967231365983162
MD003	SH010	0.00967231365983162
MD003	MH005	0.024506655760845684
MD003	SD005	0.0047769382692834615
SD003	SD004	1.9794587166336345e-06
SD003	SD014	0.0009198000674753615
SD003	SD013	0.08678374012818461
SD003	SD010	0.09763848422944735
SD003	SF005	0.09783080330355551
SD003	SF010	0.11873186777585067
SD003	SF001	0.10000735330034093
SD003	reference	0.15481002320173165
SD003	SD011	0.18308724815642252
SD003	SF003	0.13505737514478394
SD003	SF004	0.13961050180422205
SD003	SF008	0.13092246425265477
SD003	SI003	0.19820808608278656
SD003	SD007	0.2078503105313943
SD003	SD008	0.14136308185090662
SD003	SD006	0.13351006381058347
SD003	SH001	0.14210507547198598
SD003	SH008	0.14343558199751896
SD003	SH011	0.14296172730798495
SD003	SH002	0.12831670161228356
SD003	SH009	0.13643348399479951
SD003	SG012	0.22481204433318056
SD003	SH012	0.13000057540126395
SD003	SF012	0.07996506837601289
SD003	SH003	0.009378439008175306
SD003	SH005	0.00885603196842581
SD003	SH010	0.00885603196842581
SD003	SD005	0.003960656577877651
MD004	SD004	0.004214576540292797
MD004	SD003	0.00421358681093448
MD004	SD014	0.0032947764728174355
MD004	SD013	0.09099633720976076
MD004	MD010	0.10337649634177834
MD004	SD010	0.1018510813110235
MD004	SF005	0.10204340038513167
MD004	SF010	0.12294446485742683
MD004	SF001	0.10421995038191709
MD004	SB006	0.14322460776898788
MD004	reference	0.15902262028330783
MD004	MD011	0.15726028182100285
MD004	SD011	0.18729984523799867
MD004	SF003	0.1392699722263601
MD004	SF004	0.14382309888579822
MD004	SF008	0.13513506133423095
MD004	SI003	0.20242068316436274
MD004	MH004	0.15348180743345186
MD004	SD007	0.21206290761297047
MD004	SD008	0.1455756789324828
MD004	MD008	0.14513553572137625
MD004	SD006	0.13772266089215962
MD004	MD006	0.16190053715986868
MD004	MH008	0.16324213912382324
MD004	MH002	0.1455453169343093
MD004	SH001	0.14631767255356215
MD004	MH011	0.14855057697091112
MD004	SH008	0.1476481790790951
MD004	SH011	0.14717432438956113
MD004	MH001	0.1530862887969516
MD004	SH002	0.13252929869385974
MD004	MH009	0.15210009427901808
MD004	SH009	0.1406460810763757
MD004	SG012	0.22902464141475667
MD004	MH007	0.13357256111663124
MD004	SH012	0.1342131724828401
MD004	MD012	0.1404613046713983
MD004	SF012	0.08417766545758903
MD004	MD005	0.023226074660644812
MD004	MH010	0.022107839445111653
MD004	SD001	0.00892923310370198
MD004	SD002	0.011981947029643013
MD004	MH003	0.01414835979536634
MD004	SH003	0.013591036089751467
MD004	SH005	0.013068629050001971
MD004	SH010	0.013068629050001971
MD004	MH005	0.02790297115101603
MD004	SD005	0.008173253659453815
SD014	SF005	0.09874961364167253
SD014	SF010	0.11965067811396769
SD014	SF001	0.10092616363845795
SD014	reference	0.15572883353984868
SD014	SF003	0.13597618548290097
SD014	SF004	0.14052931214233907
SD014	SF008	0.1318412745907718
SD014	SI003	0.1991268964209036
SD014	SH001	0.143023885810103
SD014	SH008	0.144354392335636
SD014	SH011	0.14388053764610198
SD014	SH002	0.1292355119504006
SD014	SH009	0.13735229433291654
SD014	SG012	0.22573085467129758
SD014	SH012	0.13091938573938094
SD014	SF012	0.08088387871412993
SD014	SH003	0.010297249346292352
SD014	SH005	0.009774842306542856
SD014	SH010	0.009774842306542856
SD013	SD014	0.08770255046630164
SD013	SF005	0.09445521854311548
SD013	SF010	0.11535628301541065
SD013	SF001	0.09663176853990091
SD013	reference	0.15143443844129162
SD013	SF003	0.1316817903843439
SD013	SF004	0.13623491704378204
SD013	SF008	0.12754687949221474
SD013	SI003	0.19483250132234653
SD013	SH001	0.13872949071154594
SD013	SH008	0.14005999723707893
SD013	SH011	0.13958614254754492
SD013	SH002	0.12494111685184353
SD013	SH009	0.13305789923435948
SD013	SG012	0.2214364595727405
SD013	SH012	0.12662499064082391
SD013	SF012	0.07658948361557284
SD013	SH003	0.08673088655082489
SD013	SH005	0.0862084795110754
SD013	SH010	0.0862084795110754
MD010	SD004	0.09916290953084388
MD010	SD003	0.09916389926020219
MD010	SD014	0.10008270959831923
MD010	SD013	0.012605262338432763
MD010	SD010	0.0022642635626105943
MD010	SF005	0.10683537767513303
MD010	SF010	0.1277364421474282
MD010	SF001	0.10901192767191846
MD010	SB006	0.14801658505898924
MD010	reference	0.16381459757330918
MD010	MD011	0.1620522591110042
MD010	SD011	0.19209182252800003
MD010	SF003	0.14406194951636145
MD010	SF004	0.14861507617579958
MD010	SF008	0.1399270386242323
MD010	SI003	0.2072126604543641
MD010	MH004	0.15827378472345321
MD010	SD007	0.21685488490297183
MD010	SD008	0.15036765622248416
MD010	SD006	0.14251463818216098
MD010	MH008	0.1680341164138246
MD010	MH002	0.15033729422431066
MD010	SH001	0.1511096498435635
MD010	MH011	0.15334255426091248
MD010	SH008	0.15244015636909647
MD010	SH011	0.1519663016795625
MD010	MH001	0.15787826608695296
MD010	SH002	0.1373212759838611
MD010	MH009	0.15689207156901944
MD010	SH009	0.14543805836637705
MD010	SG012	0.23381661870475803
MD010	MH007	0.1383645384066326
MD010	SH012	0.13900514977284145
MD010	MD012	0.14525328196139967
MD010	SF012	0.08896964274759041
MD010	MH010	0.10440380351110314
MD010	SD001	0.09444924269679299
MD010	SD002	0.09750195662273405
MD010	MH003	0.09966836938845736
MD010	SH003	0.09911104568284249
MD010	SH005	0.09858863864309297
MD010	SH010	0.09858863864309297
MD010	MH005	0.11342298074410705
MD010	SD005	0.09520423241168284
SD010	SD014	0.09855729456756439
SD010	SD013	0.011079847307677918
SD010	SF005	0.10530996264437818
SD010	SF010	0.12621102711667334
SD010	SF001	0.10748651264116361
SD010	reference	0.16228918254255434
SD010	SD011	0.19056640749724518
SD010	SF003	0.1425365344856066
SD010	SF004	0.14708966114504474
SD010	SF008	0.13840162359347746
SD010	SI003	0.20568724542360925
SD010	SH001	0.14958423481280866
SD010	SH008	0.15091474133834162
SD010	SH011	0.15044088664880764
SD010	SH002	0.13579586095310625
SD010	SH009	0.1439126433356222
SD010	SG012	0.23229120367400322
SD010	SH012	0.1374797347420866
SD010	SF012	0.08744422771683556
SD010	SH003	0.09758563065208764
SD010	SH005	0.09706322361233813
SD010	SH010	0.09706322361233813
SF005	SF010	0.08286122610452905
SF005	reference	0.11893938153041005
SF005	SF008	0.09505182258133318
SF005	SI003	0.16233744441146494
SF005	SH001	0.10623443380066439
SF005	SH008	0.10756494032619736
SF005	SH011	0.10709108563666338
SF005	SH002	0.09244605994096196
SF005	SH009	0.1005628423234779
SF005	SG012	0.18894140266185894
SF005	SH012	0.09412993372994233
SF005	SF012	0.06182073265151257
SF005	SH003	0.0977779497261958
SF005	SH005	0.09725554268644629
SF005	SH010	0.09725554268644629
SF010	reference	0.08234319183098018
SF010	SI003	0.14906109939102852
SF010	SH001	0.09295808878022795
SF010	SH008	0.09428859530576092
SF010	SH011	0.09381474061622692
SF010	SH002	0.07916971492052552
SF010	SH009	0.08728649730304146
SF010	SG012	0.17566505764142248
SF010	SH012	0.08085358870950589
SF010	SF012	0.08272179712380771
SF010	SH003	0.11867901419849096
SF010	SH005	0.11815660715874146
SF010	SH010	0.11815660715874146
SF001	SF005	0.06413671162901931
SF001	SF010	0.022707042741638015
SF001	reference	0.06361867735547046
SF001	SF003	0.043866029298522714
SF001	SF004	0.04841915595796085
SF001	SF008	0.039731118406393574
SF001	SI003	0.13033658491551878
SF001	SH001	0.0742335743047182
SF001	SH008	0.07556408083025118
SF001	SH011	0.07509022614071718
SF001	SH002	0.06044520044501578
SF001	SH009	0.06856198282753172
SF001	SG012	0.15694054316591274
SF001	SH012	0.06212907423399614
SF001	SF012	0.06399728264829799
SF001	SH003	0.09995449972298122
SF001	SH005	0.09943209268323172
SF001	SH010	0.09943209268323172
SB006	SD004	0.1390110209580534
SB006	SD003	0.13901201068741173
SB006	SD014	0.13993082102552876
SB006	SD013	0.1356364259269717
SB006	SD010	0.1464911700282344
SB006	SF005	0.10314136901609011
SB006	SF010	0.06171170012870881
SB006	SF001	0.039005647116429114
SB006	reference	0.10262333474254125
SB006	SD011	0.1309005596972321
SB006	SF003	0.08287068668559351
SB006	SF004	0.08742381334503165
SB006	SF008	0.07873577579346437
SB006	SI003	0.16934124230258957
SB006	SD007	0.17898346675119733
SB006	SD008	0.11249623807070964
SB006	SD006	0.10464322003038647
SB006	SH001	0.113238231691789
SB006	SH008	0.11456873821732197
SB006	SH011	0.11409488352778799
SB006	SH002	0.09944985783208657
SB006	SH009	0.10756664021460251
SB006	SG012	0.19594520055298353
SB006	SH012	0.10113373162106694
SB006	SF012	0.10300194003536878
SB006	SD001	0.13429735412400254
SB006	SD002	0.13735006804994354
SB006	SH003	0.138959157110052
SB006	SH005	0.13843675007030248
SB006	SH010	0.13843675007030248
SB006	SD005	0.13505234383889236
MD011	SD004	0.15304669501006835
MD011	SD003	0.15304768473942668
MD011	SD014	0.1539664950775437
MD011	SD013	0.14967209997898664
MD011	SD010	0.16052684408024936
MD011	SF005	0.11717704306810507
MD011	SF010	0.08058085336867521
MD011	SF001	0.06185633889316547
MD011	SB006	0.10086099628023626
MD011	reference	0.07427916668246914
MD011	SD011	0.07245011910523438
MD011	SF003	0.024420246093595794
MD011	SF004	0.028973372753033935
MD011	SF008	0.07376576224128106
MD011	SI003	0.18337691635460454
MD011	MH004	0.13443804062369366
MD011	SD007	0.19301914080321228
MD011	SD008	0.1265319121227246
MD011	SD006	0.11867889408240143
MD011	MH008	0.14419837231406507
MD011	MH002	0.12650155012455114
MD011	SH001	0.12727390574380398
MD011	MH011	0.12950681016115295
MD011	SH008	0.12860441226933694
MD011	SH011	0.12813055757980296
MD011	MH001	0.1340425219871934
MD011	SH002	0.11348553188410153
MD011	MH009	0.13305632746925988
MD011	SH009	0.12160231426661747
MD011	SG012	0.20998087460499848
MD011	MH007	0.11452879430687304
MD011	SH012	0.1151694056730819
MD011	MD012	0.1214175378616401
MD011	SF012	0.11703761408738372
MD011	MH010	0.1582875889903276
MD011	SD001	0.14833302817601748
MD011	SD002	0.1513857421019585
MD011	MH003	0.1535521548676818
MD011	SH003	0.15299483116206694
MD011	SH005	0.15247242412231743
MD011	SH010	0.15247242412231743
MD011	MH005	0.16730676622333152
MD011	SD005	0.1490880178909073
SD011	SD014	0.18400605849453955
SD011	SD013	0.1797116633959825
SD011	SF005	0.1472166064851009
SD011	SF010	0.11062041678567106
SD011	SF001	0.09189590231016131
SD011	reference	0.10431873009946498
SD011	SF003	0.05090463785183988
SD011	SF004	0.05545776451127801
SD011	SF008	0.1038053256582769
SD011	SI003	0.21341647977160036
SD011	SH001	0.15731346916079977
SD011	SH008	0.15864397568633276
SD011	SH011	0.15817012099679878
SD011	SH002	0.14352509530109736
SD011	SH009	0.1516418776836133
SD011	SG012	0.24002043802199435
SD011	SH012	0.14520896909007774
SD011	SF012	0.14707717750437957
SD011	SH003	0.1830343945790628
SD011	SH005	0.18251198753931328
SD011	SH010	0.18251198753931328
SF003	SF005	0.09918673347346231
SF003	SF010	0.06259054377403245
SF003	reference	0.05628885708782638
SF003	SF004	0.005683186971211768
SF003	SF008	0.0557754526466383
SF003	SI003	0.16538660675996175
SF003	SH001	0.10928359614916121
SF003	SH008	0.11061410267469418
SF003	SH011	0.11014024798516019
SF003	SH002	0.09549522228945877
SF003	SH009	0.10361200467197472
SF003	SG012	0.19199056501035575
SF003	SH012	0.09717909607843914
SF003	SF012	0.09904730449274096
SF003	SH003	0.13500452156742418
SF003	SH005	0.1344821145276747
SF003	SH010	0.1344821145276747
SF004	SF005	0.10373986013290046
SF004	SF010	0.0671436704334706
SF004	reference	0.060841983747264516
SF004	SF008	0.06032857930607644
SF004	SI003	0.16993973341939989
SF004	SH001	0.11383672280859933
SF004	SH008	0.1151672293341323
SF004	SH011	0.11469337464459832
SF004	SH002	0.1000483489488969
SF004	SH009	0.10816513133141284
SF004	SG012	0.19654369166979388
SF004	SH012	0.10173222273787727
SF004	SF012	0.10360043115217911
SF004	SH003	0.1395576482268623
SF004	SH005	0.13903524118711283
SF004	SH010	0.13903524118711283
SF008	SF010	0.058455632881903315
SF008	reference	0.07552810070358602
SF008	SI003	0.16125169586783264
SF008	SH001	0.10514868525703207
SF008	SH008	0.10647919178256504
SF008	SH011	0.10600533709303105
SF008	SH002	0.09136031139732964
SF008	SH009	0.09947709377984558
SF008	SG012	0.18785565411822663
SF008	SH012	0.09304418518631001
SF008	SF012	0.09491239360061184
SF008	SH003	0.13086961067529504
SF008	SH005	0.13034720363554556
SF008	SH010	0.13034720363554556
SI003	reference	0.18513925481690952
MH004	SD004	0.14926822062251735
MH004	SD003	0.14926921035187568
MH004	SD014	0.1501880206899927
MH004	SD013	0.14589362559143565
MH004	SD010	0.15674836969269837
MH004	SF005	0.11339856868055409
MH004	SF010	0.10012222366011764
MH004	SF001	0.08139770918460788
MH004	SB006	0.12040236657167869
MH004	reference	0.1362003790859986
MH004	SD011	0.1644776040406895
MH004	SF003	0.1164477310290509
MH004	SF004	0.12100085768848903
MH004	SF008	0.11231282013692176
MH004	SI003	0.11312012610996952
MH004	SD007	0.09009939326210308
MH004	SD008	0.023612164581615386
MH004	SD006	0.01576013627065054
MH004	MH008	0.064714937923471
MH004	SH001	0.047790471353209914
MH004	MH011	0.05002337577055889
MH004	SH008	0.04912097787874289
MH004	SH011	0.0486471231892089
MH004	SH002	0.03400209749350748
MH004	MH009	0.07575978661161668
MH004	SH009	0.06430577340897428
MH004	SG012	0.15268433374735532
MH004	MH007	0.057232253449229865
MH004	SH012	0.0965058138182455
MH004	SF012	0.11325913969983274
MH004	MH010	0.15450911460277664
MH004	SD001	0.1445545537884665
MH004	SD002	0.14760726771440752
MH004	SH003	0.14921635677451595
MH004	SH005	0.14869394973476646
MH004	SH010	0.14869394973476646
MH004	MH005	0.16352829183578055
MH004	SD005	0.14530954350335634
SD007	SD014	0.20876912086951133
SD007	SD013	0.2044747257709543
SD007	SD010	0.215329469872217
SD007	SF005	0.17197966886007274
SD007	SF010	0.15870332383963628
SD007	SF001	0.13997880936412654
SD007	reference	0.19478147926551725
SD007	SD011	0.22305870422020813
SD007	SF003	0.17502883120856955
SD007	SF004	0.17958195786800768
SD007	SF008	0.1708939203164404
SD007	SI003	0.17170122628948814
SD007	SD008	0.07436040020343072
SD007	SH001	0.10637157153272854
SD007	SH008	0.10770207805826151
SD007	SH011	0.10722822336872753
SD007	SH002	0.09258319767302611
SD007	SH009	0.12288687358849293
SD007	SG012	0.21126543392687394
SD007	SH012	0.15508691399776414
SD007	SF012	0.1718402398793514
SD007	SH003	0.20779745695403457
SD007	SH005	0.20727504991428508
SD007	SH010	0.20727504991428508
SD008	SD014	0.14228189218902365
SD008	SD013	0.1379874970904666
SD008	SD010	0.1488422411917293
SD008	SF005	0.10549244017958503
SD008	SF010	0.09221609515914858
SD008	SF001	0.07349158068363883
SD008	reference	0.12829425058502958
SD008	SD011	0.15657147553972045
SD008	SF003	0.10854160252808184
SD008	SF004	0.11309472918751998
SD008	SF008	0.1044066916359527
SD008	SI003	0.10521399760900046
SD008	SH001	0.03988434285224086
SD008	SH008	0.04121484937777384
SD008	SH011	0.04074099468823984
SD008	SH002	0.026095968992538424
SD008	SH009	0.05639964490800524
SD008	SG012	0.14477820524638627
SD008	SH012	0.08859968531727642
SD008	SF012	0.10535301119886369
SD008	SH003	0.1413102282735469
SD008	SH005	0.1407878212337974
SD008	SH010	0.1407878212337974
MD008	SD004	0.14092194891044174
MD008	SD003	0.14092293863980007
MD008	SD014	0.1418417489779171
MD008	SD013	0.13754735387936004
MD008	MD010	0.1499275130113776
MD008	SD010	0.14840209798062276
MD008	SF005	0.1050522969684785
MD008	SF010	0.09177595194804204
MD008	SF001	0.07305143747253229
MD008	SB006	0.11205609485960309
MD008	reference	0.12785410737392303
MD008	MD011	0.12609176891161805
MD008	SD011	0.1561313323286139
MD008	SF003	0.1081014593169753
MD008	SF004	0.11265458597641344
MD008	SF008	0.10396654842484616
MD008	SI003	0.10477385439789393
MD008	MH004	0.02317202137050885
MD008	SD007	0.07392025699232418
MD008	SD008	0.0004411329404648543
MD008	SD006	0.007413864558574943
MD008	MH008	0.0563686662113954
MD008	MH002	0.03867184402188148
MD008	SH001	0.03944419964113432
MD008	MH011	0.041677104058483294
MD008	SH008	0.04077470616666729
MD008	SH011	0.040300851477133304
MD008	MH001	0.04621281588452374
MD008	SH002	0.025655825781431885
MD008	MH009	0.06741351489954109
MD008	SH009	0.05595950169689869
MD008	SG012	0.1443380620352797
MD008	MH007	0.04888598173715427
MD008	SH012	0.08815954210616989
MD008	MD012	0.09440767429472807
MD008	SF012	0.10491286798775715
MD008	MH010	0.14616284289070103
MD008	SD001	0.13620828207639088
MD008	SD002	0.1392609960023319
MD008	MH003	0.1414274087680552
MD008	SH003	0.14087008506244034
MD008	SH005	0.14034767802269085
MD008	SH010	0.14034767802269085
MD008	MH005	0.1551820201237049
MD008	SD005	0.13696327179128073
SD006	SD014	0.1344288741487005
SD006	SD013	0.13013447905014344
SD006	SD010	0.14098922315140613
SD006	SF005	0.09763942213926186
SD006	SF010	0.08436307711882542
SD006	SF001	0.06563856264331566
SD006	reference	0.1204412325447064
SD006	SD011	0.14871845749939727
SD006	SF003	0.10068858448775868
SD006	SF004	0.1052417111471968
SD006	SF008	0.09655367359562954
SD006	SI003	0.0973609795686773
SD006	SD007	0.07434123645016917
SD006	SD008	0.00785400776968148
SD006	SH001	0.03203132481191769
SD006	SH008	0.03336183133745067
SD006	SH011	0.03288797664791668
SD006	SH002	0.01824295095221526
SD006	SH009	0.048546626867682074
SD006	SG012	0.1369251872060631
SD006	SH012	0.08074666727695326
SD006	SF012	0.09749999315854051
SD006	SH003	0.1334572102332237
SD006	SH005	0.13293480319347423
SD006	SH010	0.13293480319347423
MD006	SD004	0.15768695034893418
MD006	SD003	0.1576879400782925
MD006	SD014	0.15860675041640954
MD006	SD013	0.15431235531785248
MD006	MD010	0.16669251444987004
MD006	SD010	0.1651670994191152
MD006	SF005	0.12181729840697092
MD006	SF010	0.10854095338653447
MD006	SF001	0.08981643891102473
MD006	SB006	0.12882109629809552
MD006	reference	0.14461910881241546
MD006	MD011	0.14285677035011052
MD006	SD011	0.1728963337671063
MD006	SF003	0.12486646075546773
MD006	SF004	0.12941958741490586
MD006	SF008	0.12073154986333862
MD006	SI003	0.12153885583638638
MD006	MH004	0.04136560441573674
MD006	SD007	0.09994670459525537
MD006	SD008	0.03345947591476768
MD006	MD008	0.03301933270366114
MD006	SD006	0.025606457874444516
MD006	MH008	0.07313366764988782
MD006	MH002	0.05543684546037391
MD006	SH001	0.05620920107962675
MD006	MH011	0.05844210549697572
MD006	SH008	0.05753970760515972
MD006	SH011	0.057065852915625735
MD006	MH001	0.06297781732301617
MD006	SH002	0.042420827219924316
MD006	MH009	0.08417851633803353
MD006	SH009	0.07272450313539112
MD006	SG012	0.16110306347377215
MD006	MH007	0.06565098317564669
MD006	SH012	0.10492454354466232
MD006	MD012	0.11117267573322052
MD006	SF012	0.12167786942624959
MD006	MH010	0.16292784432919344
MD006	SD001	0.15297328351488332
MD006	SD002	0.15602599744082432
MD006	MH003	0.15819241020654765
MD006	SH003	0.15763508650093278
MD006	SH005	0.15711267946118326
MD006	SH010	0.15711267946118326
MD006	MH005	0.17194702156219735
MD006	SD005	0.15372827322977314
MH008	SD004	0.15902855231288873
MH008	SD003	0.15902954204224706
MH008	SD014	0.1599483523803641
MH008	SD013	0.15565395728180703
MH008	SD010	0.16650870138306975
MH008	SF005	0.12315890037092547
MH008	SF010	0.10988255535048902
MH008	SF001	0.09115804087497928
MH008	SB006	0.13016269826205007
MH008	reference	0.14596071077637002
MH008	SD011	0.17423793573106086
MH008	SF003	0.12620806271942228
MH008	SF004	0.13076118937886042
MH008	SF008	0.12207315182729316
MH008	SI003	0.12288045780034092
MH008	SD007	0.12329603810298963
MH008	SD008	0.05680880942250194
MH008	SD006	0.04895579138217877
MH008	SH001	0.02573941237625816
MH008	MH011	0.027972316793607135
MH008	SH008	0.027069918901791137
MH008	SH011	0.026596064212257145
MH008	SH002	0.030713830159321828
MH008	MH009	0.08552011830198808
MH008	SH009	0.07406610509934568
MH008	SG012	0.1624446654377267
MH008	SH012	0.10626614550861688
MH008	SF012	0.12301947139020412
MH008	MH010	0.164269446293148
MH008	SD001	0.15431488547883787
MH008	SD002	0.15736759940477887
MH008	SH003	0.15897668846488733
MH008	SH005	0.15845428142513782
MH008	SH010	0.15845428142513782
MH008	SD005	0.1550698751937277
MH002	SD004	0.1413317301233748
MH002	SD003	0.14133271985273313
MH002	SD014	0.14225153019085016
MH002	SD013	0.1379571350922931
MH002	SD010	0.14881187919355582
MH002	SF005	0.10546207818141155
MH002	SF010	0.0921857331609751
MH002	SF001	0.07346121868546536
MH002	SB006	0.11246587607253616
MH002	reference	0.12826388858685608
MH002	SD011	0.15654111354154696
MH002	SF003	0.10851124052990836
MH002	SF004	0.1130643671893465
MH002	SF008	0.10437632963777922
MH002	SI003	0.105183635610827
MH002	MH004	0.047018115733957075
MH002	SD007	0.10559921591347571
MH002	SD008	0.039111987232988026
MH002	SD006	0.03125896919266486
MH002	MH008	0.024967056757005317
MH002	SH001	0.0007733453486111563
MH002	MH011	0.003006249765960132
MH002	SH008	0.0021038518741441333
MH002	SH011	0.0016299971846101412
MH002	SH002	0.01301700796980791
MH002	MH009	0.06782329611247417
MH002	SH009	0.05636928290983177
MH002	SG012	0.1447478432482128
MH002	MH007	0.04929576295008734
MH002	SH012	0.08856932331910297
MH002	SF012	0.1053226492006902
MH002	MH010	0.14657262410363409
MH002	SD001	0.13661806328932394
MH002	SD002	0.13967077721526497
MH002	MH003	0.14183718998098827
MH002	SH003	0.1412798662753734
MH002	SH005	0.1407574592356239
MH002	SH010	0.1407574592356239
MH002	MH005	0.155591801336638
MH002	SD005	0.1373730530042138
SH001	reference	0.12903624420610893
SH001	SI003	0.10595599123007983
SH001	SH008	0.0013314962548912938
SH001	SH011	0.000857641565357302
SH001	SH002	0.013789363589060749
SH001	SH009	0.05714163852908461
SH001	SH012	0.0893416789383558
SH001	SH003	0.14205222189462624
SH001	SH005	0.14152981485487673
SH001	SH010	0.14152981485487673
MH011	SD004	0.1443369901599766
MH011	SD003	0.14433797988933494
MH011	SD014	0.14525679022745197
MH011	SD013	0.1409623951288949
MH011	SD010	0.15181713923015763
MH011	SF005	0.10846733821801337
MH011	SF010	0.09519099319757691
MH011	SF001	0.07646647872206719
MH011	SB006	0.11547113610913798
MH011	reference	0.1312691486234579
MH011	SD011	0.15954637357814874
MH011	SF003	0.11151650056651018
MH011	SF004	0.11606962722594831
MH011	SF008	0.10738158967438105
MH011	SI003	0.10818889564742881
MH011	SD007	0.10860447595007752
MH011	SD008	0.04211724726958983
MH011	SD006	0.03426422922926667
MH011	SH001	0.0022338941467072923
MH011	SH008	0.0009033876211743155
MH011	SH011	0.0013772423107083073
MH011	SH002	0.016022268006409726
MH011	SH009	0.05937454294643359
MH011	SG012	0.1477531032848146
MH011	SH012	0.09157458335570477
MH011	SF012	0.10832790923729202
MH011	SD001	0.13962332332592575
MH011	SD002	0.14267603725186676
MH011	SH003	0.1442851263119752
MH011	SH005	0.1437627192722257
MH011	SH010	0.1437627192722257
MH011	SD005	0.14037831304081558
SH008	reference	0.13036675073164192
SH008	SI003	0.1072864977556128
SH008	SH011	0.0004748444188923085
SH008	SH009	0.058472145054617584
SH008	SH012	0.09067218546388878
SH008	SH010	0.14286032138040972
SH011	reference	0.1298928960421079
SH011	SI003	0.10681264306607881
SH011	SH012	0.0901983307743548
MH001	SD004	0.1488727019860171
MH001	SD003	0.14887369171537543
MH001	SD014	0.14979250205349245
MH001	SD013	0.1454981069549354
MH001	SD010	0.15635285105619812
MH001	SF005	0.11300305004405382
MH001	SF010	0.09972670502361738
MH001	SF001	0.08100219054810764
MH001	SB006	0.12000684793517843
MH001	reference	0.13580486044949838
MH001	SD011	0.16408208540418925
MH001	SF003	0.11605221239255065
MH001	SF004	0.12060533905198877
MH001	SF008	0.1119173015004215
MH001	SI003	0.11272460747346927
MH001	MH004	0.05455908759659934
MH001	SD007	0.11314018777611798
MH001	SD008	0.04665295909563029
MH001	SD006	0.03879994105530712
MH001	MH008	0.03250901834900591
MH001	MH002	0.014812196159491987
MH001	SH001	0.015584551778744826
MH001	MH011	0.017817456196093803
MH001	SH008	0.016915058304277805
MH001	SH011	0.016441203614743813
MH001	SH002	0.020557979832450182
MH001	MH009	0.07536426797511643
MH001	SH009	0.06391025477247403
MH001	SG012	0.15228881511085507
MH001	MH007	0.056836734812729606
MH001	SH012	0.09611029518174523
MH001	SF012	0.11286362106333248
MH001	MH010	0.15411359596627636
MH001	SD001	0.14415903515196624
MH001	SD002	0.14721174907790727
MH001	MH003	0.14937816184363056
MH001	SH003	0.1488208381380157
MH001	SH005	0.14829843109826618
MH001	SH010	0.14829843109826618
MH001	MH005	0.16313277319928027
MH001	SD005	0.14491402486685606
SH002	reference	0.1152478703464065
SH002	SI003	0.0921676173703774
SH002	SH008	0.015119870114593726
SH002	SH011	0.014646015425059734
SH002	SH009	0.04335326466938218
SH002	SH012	0.07555330507865336
SH002	SH003	0.12826384803492383
SH002	SH005	0.12774144099517432
SH002	SH010	0.12774144099517432
MH009	SD004	0.1478865074680836
MH009	SD003	0.14788749719744193
MH009	SD014	0.14880630753555896
MH009	SD013	0.1445119124370019
MH009	SD010	0.1553666565382646
MH009	SF005	0.11201685552612031
MH009	SF010	0.09874051050568386
MH009	SF001	0.08001599603017412
MH009	SB006	0.11902065341724491
MH009	reference	0.13481866593156486
MH009	SD011	0.16309589088625573
MH009	SF003	0.11506601787461712
MH009	SF004	0.11961914453405526
MH009	SF008	0.11093110698248798
MH009	SI003	0.12469866234252758
MH009	SD007	0.13434088679113532
MH009	SD008	0.06785365811064764
MH009	SD006	0.060000640070324476
MH009	SH001	0.068595651731727
MH009	MH011	0.07082855614907599
MH009	SH008	0.06992615825725998
MH009	SH011	0.069452303567726
MH009	SH002	0.05480727787202458
MH009	SH009	0.02045980774802444
MH009	SG012	0.11677251537880856
MH009	SH012	0.09512410066381172
MH009	SF012	0.11187742654539896
MH009	MH010	0.15312740144834286
MH009	SD001	0.1431728406340327
MH009	SD002	0.14622555455997374
MH009	SH003	0.1478346436200822
MH009	SH005	0.14731223658033268
MH009	SH010	0.14731223658033268
MH009	SD005	0.14392783034892256
SH009	reference	0.12336465272892244
SH009	SI003	0.11324464913988516
SH009	SH011	0.057998290365083596
SH009	SH012	0.08367008746116932
SH009	SH010	0.13585822337769027
SG012	reference	0.21174321306730348
SG012	SI003	0.20162320947826617
SG012	SH001	0.14552019886746564
SG012	SH008	0.14685070539299863
SG012	SH011	0.14637685070346462
SG012	SH002	0.1317318250077632
SG012	SH009	0.10531850217616616
SG012	SH012	0.17204864779955034
SG012	SH003	0.2247591907558208
SG012	SH005	0.22423678371607128
SG012	SH010	0.22423678371607128
MH007	SD004	0.12935897430569673
MH007	SD003	0.12935996403505506
MH007	SD014	0.1302787743731721
MH007	SD013	0.12598437927461503
MH007	SD010	0.13683912337587775
MH007	SF005	0.09348932236373347
MH007	SF010	0.08021297734329702
MH007	SF001	0.061488462867787294
MH007	SB006	0.10049312025485808
MH007	reference	0.11629113276917802
MH007	SD011	0.1445683577238689
MH007	SF003	0.09653848471223028
MH007	SF004	0.10109161137166842
MH007	SF008	0.09240357382010114
MH007	SI003	0.10617112918014072
MH007	SD007	0.11581335362874849
MH007	SD008	0.04932612494826081
MH007	SD006	0.041473106907937644
MH007	MH008	0.06699258513960124
MH007	SH001	0.05006811856934018
MH007	MH011	0.05230102298668916
MH007	SH008	0.051398625094873154
MH007	SH011	0.050924770405339166
MH007	SH002	0.03627974470963775
MH007	MH009	0.02132043508068311
MH007	SH009	0.009866421878040703
MH007	SG012	0.09824399248706342
MH007	SH012	0.07659656750142488
MH007	SF012	0.09334989338301213
MH007	MH010	0.13459986828595602
MH007	SD001	0.12464530747164587
MH007	SD002	0.1276980213975869
MH007	SH003	0.12930711045769533
MH007	SH005	0.12878470341794584
MH007	SH010	0.12878470341794584
MH007	SD005	0.12540029718653573
SH012	reference	0.11693174413538687
SH012	SI003	0.14544468954915638
MD012	SD004	0.1362477178604638
MD012	SD003	0.1362487075898221
MD012	SD014	0.13716751792793913
MD012	SD013	0.1328731228293821
MD012	SD010	0.1437278669306448
MD012	SF005	0.10037806591850053
MD012	SF010	0.08710172089806408
MD012	SF001	0.06837720642255433
MD012	SB006	0.10738186380962514
MD012	reference	0.12317987632394507
MD012	SD011	0.15145710127863593
MD012	SF003	0.10342722826699734
MD012	SF004	0.10798035492643547
MD012	SF008	0.0992923173748682
MD012	SI003	0.15169282173771453
MD012	MH004	0.10275394600680368
MD012	SD007	0.16133504618632236
MD012	SD008	0.09484781750583463
MD012	SD006	0.08699479946551146
MD012	MH008	0.11251427769717508
MD012	MH002	0.09481745550766117
MD012	SH001	0.095589811126914
MD012	MH011	0.09782271554426297
MD012	SH008	0.09692031765244698
MD012	SH011	0.096446462962913
MD012	MH001	0.10235842737030343
MD012	SH002	0.08180143726721156
MD012	MH009	0.1013722328523699
MD012	SH009	0.08991821964972752
MD012	SG012	0.17829677998810856
MD012	MH007	0.08284469968998308
MD012	SH012	0.011780670502650642
MD012	SF012	0.10023863693777918
MD012	MH010	0.1414886118407231
MD012	SD001	0.13153405102641294
MD012	SD002	0.13458676495235397
MD012	MH003	0.13675317771807727
MD012	SH003	0.1361958540124624
MD012	SH005	0.1356734469727129
MD012	SH010	0.1356734469727129
MD012	MH005	0.150507789073727
MD012	SD005	0.13228904074130277
SF012	reference	0.11879995254968871
SF012	SI003	0.1621980154307436
SF012	SH001	0.10609500481994304
SF012	SH008	0.10742551134547602
SF012	SH011	0.10695165665594203
SF012	SH002	0.09230663096024061
SF012	SH009	0.10042341334275655
SF012	SG012	0.1888019736811376
SF012	SH012	0.09399050474922098
SF012	SH003	0.07991221479865318
SF012	SH005	0.07938980775890368
SF012	SH010	0.07938980775890368
MD005	SD004	0.019012487849710328
MD005	SD003	0.019013477579068648
MD005	SD014	0.019932287917185695
MD005	SD013	0.086079870799369
MD005	MD010	0.09846002993138658
MD005	SD010	0.09693461490063174
MD005	SF005	0.09712693397473991
MD005	SF010	0.11802799844703508
MD005	SF001	0.09930348397152534
MD005	SB006	0.13830814135859615
MD005	reference	0.1541061538729161
MD005	MD011	0.1523438154106111
MD005	SD011	0.18238337882760694
MD005	SF003	0.13435350581596836
MD005	SF004	0.1389066324754065
MD005	SF008	0.1302185949238392
MD005	SI003	0.19750421675397098
MD005	MH004	0.1485653410230601
MD005	SD007	0.20714644120257875
MD005	SD008	0.14065921252209107
MD005	MD008	0.1402190693109845
MD005	SD006	0.1328061944817679
MD005	MD006	0.15698407074947696
MD005	MH008	0.15832567271343148
MD005	MH002	0.14062885052391758
MD005	SH001	0.1414012061431704
MD005	MH011	0.14363411056051936
MD005	SH008	0.14273171266870338
MD005	SH011	0.1422578579791694
MD005	MH001	0.14816982238655985
MD005	SH002	0.12761283228346798
MD005	MH009	0.14718362786862635
MD005	SH009	0.13572961466598393
MD005	SG012	0.22410817500436495
MD005	MH007	0.1286560947062395
MD005	SH012	0.12929670607244836
MD005	MD012	0.13554483826100658
MD005	SF012	0.07926119904719728
MD005	MH010	0.0242533818299696
MD005	SD001	0.014298821015659463
MD005	SD002	0.0173515349416005
MD005	MH003	0.019517947707323825
MD005	SH003	0.018960624001708955
MD005	SH005	0.01843821696195946
MD005	SH010	0.01843821696195946
MD005	MH005	0.033272559062973515
MD005	SD005	0.015053810730549315
MH010	SD004	0.017894252634177175
MH010	SD003	0.017895242363535492
MH010	SD014	0.018814052701652536
MH010	SD013	0.09202364437908556
MH010	SD010	0.10287838848034829
MH010	SF005	0.10307070755445644
MH010	SF010	0.12397177202675161
MH010	SF001	0.10524725755124187
MH010	SB006	0.14425191493831266
MH010	reference	0.1600499274526326
MH010	SD011	0.18832715240732345
MH010	SF003	0.14029727939568487
MH010	SF004	0.144850406055123
MH010	SF008	0.13616236850355573
MH010	SI003	0.2034479903336875
MH010	SD007	0.21309021478229526
MH010	SD008	0.14660298610180758
MH010	SD006	0.1387499680614844
MH010	SH001	0.1473449797228869
MH010	MH011	0.14957788414023587
MH010	SH008	0.1486754862484199
MH010	SH011	0.1482016315588859
MH010	SH002	0.1335566058631845
MH010	SH009	0.14167338824570044
MH010	SG012	0.23005194858408146
MH010	SH012	0.13524047965216487
MH010	SF012	0.08520497262691383
MH010	SD001	0.013180585800126307
MH010	SD002	0.01623329972606734
MH010	SH003	0.0178423887861758
MH010	SH005	0.0173199817464263
MH010	SH010	0.0173199817464263
MH010	SD005	0.013935575515016159
SD001	SD004	0.004715646292767502
SD001	SD003	0.004716636022125818
SD001	SD014	0.005635446360242864
SD001	SD013	0.08206908356477541
SD001	SD010	0.09292382766603814
SD001	SF005	0.0931161467401463
SD001	SF010	0.11401721121244147
SD001	SF001	0.09529269673693173
SD001	reference	0.15009536663832246
SD001	SD011	0.17837259159301333
SD001	SF003	0.13034271858137472
SD001	SF004	0.13489584524081286
SD001	SF008	0.12620780768924558
SD001	SI003	0.19349342951937737
SD001	SD007	0.2031356539679851
SD001	SD008	0.13664842528749743
SD001	SD006	0.12879540724717425
SD001	SH001	0.13739041890857678
SD001	SH008	0.13872092543410974
SD001	SH011	0.13824707074457576
SD001	SH002	0.12360204504887436
SD001	SH009	0.13171882743139032
SD001	SG012	0.2200973877697713
SD001	SH012	0.12528591883785473
SD001	SF012	0.0752504118126037
SD001	SD002	0.003053703655299352
SD001	SH003	0.004662792715407806
SD001	SH005	0.0041403856756583104
SD001	SH010	0.0041403856756583104
SD001	SD005	0.0007569691736064833
SD002	SD004	0.007768360218708536
SD002	SD003	0.007769349948066853
SD002	SD014	0.0086881602861839
SD002	SD013	0.08512179749071645
SD002	SD010	0.0959765415919792
SD002	SF005	0.09616886066608736
SD002	SF010	0.11706992513838252
SD002	SF001	0.09834541066287278
SD002	reference	0.1531480805642635
SD002	SD011	0.18142530551895433
SD002	SF003	0.13339543250731575
SD002	SF004	0.1379485591667539
SD002	SF008	0.1292605216151866
SD002	SI003	0.19654614344531837
SD002	SD007	0.20618836789392614
SD002	SD008	0.13970113921343846
SD002	SD006	0.13184812117311528
SD002	SH001	0.14044313283451781
SD002	SH008	0.14177363936005077
SD002	SH011	0.1412997846705168
SD002	SH002	0.12665475897481537
SD002	SH009	0.13477154135733133
SD002	SG012	0.22315010169571234
SD002	SH012	0.12833863276379576
SD002	SF012	0.07830312573854474
SD002	SH003	0.004035384187736605
SD002	SH005	0.0035129771479871096
SD002	SH010	0.0035129771479871096
SD002	SD005	0.0038096830995475186
MH003	SD004	0.009934772984431862
MH003	SD003	0.009935762713790179
MH003	SD014	0.010854573051907224
MH003	SD013	0.08728821025643978
MH003	SD010	0.09814295435770251
MH003	SF005	0.09833527343181067
MH003	SF010	0.11923633790410583
MH003	SF001	0.10051182342859609
MH003	SB006	0.13951648081566687
MH003	reference	0.15531449332998679
MH003	SD011	0.18359171828467766
MH003	SF003	0.13556184527303908
MH003	SF004	0.1401149719324772
MH003	SF008	0.1314269343809099
MH003	SI003	0.1987125562110417
MH003	MH004	0.14977368048013082
MH003	SD007	0.20835478065964946
MH003	SD008	0.14186755197916176
MH003	SD006	0.1340145339388386
MH003	MH008	0.1595340121705022
MH003	SH001	0.1426095456002411
MH003	MH011	0.14484245001759008
MH003	SH008	0.1439400521257741
MH003	SH011	0.1434661974362401
MH003	SH002	0.1288211717405387
MH003	MH009	0.14839196732569707
MH003	SH009	0.13693795412305465
MH003	SG012	0.22531651446143566
MH003	MH007	0.1298644341633102
MH003	SH012	0.13050504552951908
MH003	SF012	0.08046953850426805
MH003	MH010	0.01839971249179067
MH003	SD001	0.005220116421022678
MH003	SD002	0.004592707893351477
MH003	SH003	0.0005583134349731893
MH003	SH005	0.002169812778084614
MH003	SH010	0.002169812778084614
MH003	MH005	0.017004154879098673
MH003	SD005	0.005976095865270845
SH003	reference	0.15475716962437192
SH003	SI003	0.19815523250542683
SH003	SH008	0.14338272842015923
SH003	SH011	0.14290887373062522
SH003	SH009	0.13638063041743978
SH003	SH012	0.12994772182390418
SH003	SH005	0.0016124890724697413
SH003	SH010	0.0016124890724697413
SH005	reference	0.15423476258462243
SH005	SI003	0.19763282546567731
SH005	SH008	0.14286032138040972
SH005	SH011	0.14238646669087573
SH005	SH009	0.13585822337769027
SH005	SH012	0.1294253147841547
SH005	SH010	9.897293583168172e-07
SH010	reference	0.15423476258462243
SH010	SI003	0.19763282546567731
SH010	SH011	0.14238646669087573
SH010	SH012	0.1294253147841547
MH005	SD004	0.02368938434008155
MH005	SD003	0.02369037406943987
MH005	SD014	0.024609184407556918
MH005	SD013	0.10104282161208947
MH005	SD010	0.1118975657133522
MH005	SF005	0.11208988478746036
MH005	SF010	0.13299094925975552
MH005	SF001	0.1142664347842458
MH005	SB006	0.15327109217131657
MH005	reference	0.16906910468563652
MH005	SD011	0.19734632964032733
MH005	SF003	0.14931645662868875
MH005	SF004	0.1538695832881269
MH005	SF008	0.14518154573655961
MH005	SI003	0.2124671675666914
MH005	SD007	0.22210939201529917
MH005	SD008	0.15562216333481146
MH005	SD006	0.14776914529448829
MH005	MH008	0.17328862352615187
MH005	SH001	0.15636415695589082
MH005	MH011	0.15859706137323976
MH005	SH008	0.15769466348142377
MH005	SH011	0.1572208087918898
MH005	SH002	0.14257578309618837
MH005	MH009	0.16214657868134674
MH005	SH009	0.15069256547870435
MH005	SG012	0.23907112581708537
MH005	MH007	0.14361904551895993
MH005	SH012	0.14425965688516879
MH005	SF012	0.09422414985991776
MH005	MH010	0.03215432384744036
MH005	SD001	0.01897472777667237
MH005	SD002	0.018347319249001168
MH005	SH003	0.016446831173483802
MH005	SH005	0.014836321559730694
MH005	SH010	0.014836321559730694
MH005	SD005	0.019730707220920535
SD005	SD014	0.004879466915994697
SD005	SD013	0.08282407327966526
SD005	SD010	0.093678817380928
SD005	SF005	0.09387113645503614
SD005	SF010	0.11477220092733131
SD005	SF001	0.09604768645182157
SD005	reference	0.1508503563532123
SD005	SD011	0.17912758130790316
SD005	SF003	0.13109770829626458
SD005	SF004	0.1356508349557027
SD005	SF008	0.12696279740413544
SD005	SI003	0.1942484192342672
SD005	SD007	0.20389064368287496
SD005	SD008	0.13740341500238729
SD005	SD006	0.1295503969620641
SD005	SH001	0.1381454086234666
SD005	SH008	0.1394759151489996
SD005	SH011	0.13900206045946562
SD005	SH002	0.12435703476376421
SD005	SH009	0.13247381714628015
SD005	SG012	0.2208523774846612
SD005	SH012	0.12604090855274458
SD005	SF012	0.07600540152749355
SD005	SH003	0.005418772159655973
SD005	SH005	0.004896365119906477
SD005	SH010	0.004896365119906477
MD001	SD004	0.0007547502532148812
MD001	MD003	0.0015720216739790085
MD001	SD003	0.000755739982573198
MD001	MD004	0.004968337064149362
MD001	SD014	0.0016745503206902425
MD001	SD013	0.08602898987496971
MD001	MD010	0.0984091490069873
MD001	SD010	0.09688373397623246
MD001	SF005	0.0970760530503406
MD001	SF010	0.11797711752263576
MD001	SF001	0.09925260304712602
MD001	SB006	0.1382572604341968
MD001	reference	0.15405527294851676
MD001	MD011	0.15229293448621176
MD001	SD011	0.1823324979032076
MD001	SF003	0.13430262489156902
MD001	SF004	0.13885575155100716
MD001	SF008	0.13016771399943988
MD001	SI003	0.19745333582957164
MD001	MH004	0.1485144600986608
MD001	SD007	0.2070955602781794
MD001	SD008	0.14060833159769173
MD001	MD008	0.14016818838658518
MD001	SD006	0.13275531355736855
MD001	MD006	0.1569331898250776
MD001	MH008	0.15827479178903214
MD001	MH002	0.14057796959951824
MD001	SH001	0.14135032521877106
MD001	MH011	0.14358322963612002
MD001	SH008	0.14268083174430404
MD001	SH011	0.14220697705477006
MD001	MH001	0.14811894146216054
MD001	SH002	0.12756195135906864
MD001	MH009	0.147132746944227
MD001	SH009	0.1356787337415846
MD001	SG012	0.2240572940799656
MD001	MH007	0.12860521378184017
MD001	SH012	0.12924582514804903
MD001	MD012	0.13549395733660724
MD001	SF012	0.079210318122798
MD001	MD005	0.018258727325853766
MD001	MH010	0.01714049211032061
MD001	SD001	0.003961885768910938
MD001	SD002	0.007014599694851972
MD001	MH003	0.009181012460575297
MD001	SH003	0.008623688754960425
MD001	SH005	0.008101281715210929
MD001	SH010	0.008101281715210929
MD001	MH005	0.02293562381622499
MD001	SD005	0.00320590632466277
MD001	MD002	0.014686347288662154
MD002	SD004	0.013933576494163907
MD002	MD003	0.014750847914928034
MD002	SD003	0.013934566223522222
MD002	MD004	0.01814716330509839
MD002	SD014	0.014853376561639268
MD002	SD013	0.10071434743427356
MD002	MD010	0.11309450656629114
MD002	SD010	0.11156909153553629
MD002	SF005	0.11176141060964445
MD002	SF010	0.13266247508193962
MD002	SF001	0.11393796060642988
MD002	SB006	0.15294261799350067
MD002	reference	0.1687406305078206
MD002	MD011	0.16697829204551562
MD002	SD011	0.19701785546251147
MD002	SF003	0.14898798245087289
MD002	SF004	0.15354110911031102
MD002	SF008	0.14485307155874372
MD002	SI003	0.2121386933888755
MD002	MH004	0.16319981765796462
MD002	SD007	0.22178091783748327
MD002	SD008	0.15529368915699557
MD002	MD008	0.15485354594588902
MD002	SD006	0.14744067111667242
MD002	MD006	0.17161854738438145
MD002	MH008	0.172960149348336
MD002	MH002	0.1552633271588221
MD002	SH001	0.15603568277807492
MD002	MH011	0.1582685871954239
MD002	SH008	0.1573661893036079
MD002	SH011	0.1568923346140739
MD002	MH001	0.16280429902146437
MD002	SH002	0.1422473089183725
MD002	MH009	0.16181810450353087
MD002	SH009	0.15036409130088846
MD002	SG012	0.23874265163926947
MD002	MH007	0.14329057134114404
MD002	SH012	0.1439311827073529
MD002	MD012	0.1501793148959111
MD002	SF012	0.09389567568210183
MD002	MD005	0.032944084885157605
MD002	MH010	0.03182584966962445
MD002	SD001	0.018647243328214776
MD002	SD002	0.021699957254155806
MD002	MH003	0.023866370019879134
MD002	SH003	0.02330904631426426
MD002	SH005	0.02278663927451477
MD002	SH010	0.02278663927451477
MD002	MH005	0.037620981375528835
MD002	SD005	0.01789126388396661
