	H005_102	H005_118_hybrid	H005_126	H005_137	H005_73_hybrid	H005_75	H005_77	H005_94	H005_97	H005_98_hybrid	H007_145	H007_146	H007_148	H007_154	H007_156	H007_157	H007_158	H007_162	H007_172	H007_176_hybrid	H007_181	H007_183	H007_187	H007_188	H007_190	H007_194	H009_202	H009_205	H009_211	H009_213	H009_215	H009_217	H009_218	H009_219	H009_220	H009_221_hybrid	H009_228	H009_230	H009_234	H009_236	H009_251	H009_255	H009_256	H009_259
H005_102	1.0	0.9920760730000001	0.9987770772000001	0.9920482364000001	0.9928886236000001	0.9928799025	0.9928817326	0.7473502513	0.9928611876000001	0.9995343293000001	0.9925775778	0.9919842150000001	0.9920280798000001	0.9920062635	0.9919357443000001	0.9919871656	0.9918443029	0.9919662545000001	0.9919867666000001	0.9925543714	0.9918712684000001	0.9919464665000001	0.992068523	0.9916346953	0.9919886881000001	0.9918992859	0.9924160302	0.9923766211	0.9925701244	0.9932984174	0.9932607049000001	0.9925064199	0.9932817566000001	0.9923717745	0.9932787248	0.9932743336000001	0.9925611437	0.9926879279	0.9920480965	0.9923365172	0.9923420784	0.9923052331000001	0.9923797587000001	0.9925593363
H005_118_hybrid	0.9928672779000001	1.0	0.9907721908	0.9981256969000001	0.9935045887	0.9935491776	0.9936254384000001	0.7536792782	0.9935230840000001	0.9931381226	0.9995489968000001	0.9980637245	0.9980400028	0.9982741546	0.9978426688	0.9979537831	0.9980722888	0.9982500988	0.9980580661	0.9937659999999999	0.9980606234	0.9980415354000001	0.9981256246	0.9982579416	0.9981064836	0.9982471246000001	0.9994398392	0.9992950973	0.9993704201	0.9937258449	0.9937682430000001	0.9996015719	0.9937734653	0.9994473661000001	0.9937997724000001	0.9938171010000001	0.9995215243000001	0.9951691244	0.9950583695	0.9995189916	0.9998714335000001	0.9993832354000001	0.9979289716	0.9994584729
H005_126	0.9486246912	0.9362275153	1.0	0.9362408396	0.9364020241000001	0.9363665871	0.9363754638	0.942394236	0.9363355437	0.9479164292000001	0.9367233823000001	0.9362377912000001	0.9362257955000001	0.9361754587000001	0.9361359019000001	0.9362712691	0.9360963014	0.9361829073000001	0.9361848859	0.9356947795	0.9361014331	0.9361974241000001	0.9362566225000001	0.9359693196000001	0.9361850902000001	0.9362244625	0.9366332700000001	0.9364545465	0.9365412661	0.9353210806000001	0.9354714487	0.9365319173000001	0.9354955625	0.9363501561	0.9354209083	0.9354179852000001	0.9366460199000001	0.9369184732	0.9367057973	0.9363352785	0.9363844193	0.9363094473	0.9374699467000001	0.9367083537
H005_137	0.9923695784000001	0.9976474724000001	0.9905789067	1.0	0.9937888841	0.9938220161	0.9938316136	0.7458542786	0.9938034363	0.9926926033000001	0.9979266798	0.9999616479000001	0.9999349188000001	0.9999423938	0.9995621112	0.9999729047	0.9999126805	0.9999322636	0.9999577347	0.993524276	0.9999233167	0.9999441291000001	0.9998628658000001	0.9998198029	0.9999401312	0.9999676318	0.9978149873000001	0.9978642145000001	0.9978540627	0.9933542941000001	0.993334845	0.997865753	0.9933065818000001	0.9978223255	0.9933019159	0.9933279668	0.9979050720000001	0.9954511596000001	0.9940512761	0.9977837359	0.9977954499	0.997759669	0.9965960383	0.9979384839000001
H005_73_hybrid	0.9931029271	0.9930004450000001	0.9903509598	0.9927278949	1.0	0.9996515861	0.9997948780000001	0.7534251489	0.9997743284	0.9933819519	0.9928171351	0.9929699635	0.9929159667	0.9931613112000001	0.9929416037000001	0.9927085814000001	0.9928552035	0.9932546252000001	0.9929522482	0.9944225798	0.9929636471000001	0.9928166677	0.9928483657	0.9928412831000001	0.9929146851	0.9929822009	0.9926877677	0.9923982715	0.9927943598000001	0.9946558139	0.9946480980000001	0.9928247599000001	0.9946533944	0.9927013113	0.9947677087000001	0.9946967683000001	0.9928060499	0.9938188821	0.9937157492	0.992784247	0.9929945676	0.9925663147	0.9923859267	0.9926517468
H005_75	0.9926828903	0.9923803945	0.9910905188	0.9929877384	0.9997878883	1.0	0.999961254	0.7475438866	0.9999015527	0.9925930424	0.9926141209	0.9931037542000001	0.9929512191000001	0.9929979321000001	0.9929424599000001	0.9931346681000001	0.9928990269	0.993085913	0.9929523435000001	0.9946342849	0.9929491384	0.9930116986	0.9929633477	0.9929895147000001	0.9929608364	0.9930082197000001	0.9924497648	0.9924161713	0.992585386	0.9948026999	0.9947689669	0.9924930183	0.9947956901	0.9923608633000001	0.9947901551	0.9946738788	0.9924316351	0.9936819567	0.9935667678000001	0.9923986514	0.9925087546	0.9923221247	0.9926695484	0.9924769311
H005_77	0.9928700611000001	0.9925234661000001	0.9909684606	0.9931560254	0.9999547433	0.9999466094	1.0	0.746973002	0.9998541442000001	0.9928221622000001	0.9928445443	0.9932325077	0.9930655274	0.9930754624	0.9931317889000001	0.9931555428000001	0.9929226656000001	0.9931757099	0.9931239413	0.9946048131	0.9930103869	0.9931574961	0.9931147880000001	0.9930866295	0.9931219245	0.9930717321	0.9926299388000001	0.9925711891000001	0.9927268297	0.9948259619	0.9947926222000001	0.9927017787	0.9948174269000001	0.9925062164	0.9948274890000001	0.9948134015000001	0.9926493119	0.9938638264	0.9937754715	0.9927824333	0.9927749969	0.9924715568	0.9926946652	0.9927218084
H005_94	0.7474530334	0.748201976	0.9997577448	0.7478293718	0.7473534980000001	0.7467814329	0.746794107	1.0	0.7467896266	0.7477096364	0.7476979317	0.7476233367	0.7476415805000001	0.7476082270000001	0.7476887045	0.7478450355	0.7476319574	0.7476204762	0.7476074468	0.7471576892	0.7475261359	0.7476743611000001	0.7477121277000001	0.7478784024	0.7476093009	0.7478184211000001	0.7476848795000001	0.7477743015	0.7476495195	0.7468854816	0.7468470635000001	0.7477425176	0.7466215377000001	0.7473356469	0.7466269246	0.747103099	0.7474555936	0.746888306	0.7468872587000001	0.747693012	0.747694749	0.747792337	0.7476756046	0.7476930522
H005_97	0.9934142538	0.9929697251	0.9917728799000001	0.9934293150000001	0.9999075912000001	0.9998780048	0.9999588739	0.7463846856	1.0	0.9932677549000001	0.9931345149	0.9936133488000001	0.9935162932	0.9934159969	0.9933727862	0.993582798	0.9933490426	0.9935455079000001	0.9934453996	0.9946684586000001	0.9933939512000001	0.9934302316	0.9934221437	0.9934289759	0.9934534105	0.9934133292	0.9930515554	0.9929172855	0.9931774543	0.9945747507	0.9945731721000001	0.9930926364	0.9946087987000001	0.9929453565	0.9946188648000001	0.9946486723	0.9930636536	0.9940539938	0.9940229341000001	0.9931128292	0.9931300581	0.992940562	0.9929851301	0.9931032835
H005_98_hybrid	0.9995130832	0.9921960569	0.9979859811	0.9918931059	0.9928106522000001	0.9928782131	0.9928555034000001	0.7520270135	0.9928459804	1.0	0.9918957266	0.9917986938000001	0.9918658707	0.992060817	0.991950254	0.9917696757000001	0.9917574549	0.9921251144000001	0.9917202767000001	0.9933035215	0.9917902977	0.9917867229	0.9918129753	0.9918866919	0.9918379258000001	0.9919365527	0.9917856438	0.9914728822000001	0.9917657985	0.9933151334	0.9934136194000001	0.9919231325000001	0.9933384399	0.9917589825	0.9934604064	0.9933613193	0.9918251749	0.9922792359	0.9921594828	0.9918052331	0.9921224506	0.9916965670000001	0.9916178053	0.9918485024
H007_145	0.9926442294000001	0.9994422650000001	0.9906664898	0.9982219989000001	0.9932235911	0.9931980332	0.9932611752	0.7463191334	0.9932117397	0.9926245724	1.0	0.9982472086	0.9981892534000001	0.99826223	0.9979019387	0.9982895791	0.9980922222	0.9982696745	0.9982499101000001	0.9930080870000001	0.9980903625	0.9983048175	0.9982922191	0.9980218126	0.9982362205	0.9982220410000001	0.9997174504	0.9996358126	0.9998248565000001	0.9934841599	0.9934531873	0.9997640251000001	0.9935021441	0.9996726928	0.9934956490000001	0.9934800060000001	0.9997021552	0.9950649364	0.9944527589000001	0.9996172946	0.9996673089	0.9995408960000001	0.9981484512000001	0.9996806216
H007_146	0.9923228434	0.9975736294	0.9901892023000001	0.9998228437000001	0.9937201265000001	0.9937720833	0.9938150386000001	0.7459971499	0.9937864136000001	0.9925815502	0.9978333483	1.0	0.9999336202	0.9998776656	0.9995004961	0.999746419	0.9998472048	0.9999374185000001	0.9999532394	0.9937322301	0.9999067685	0.9999503365	0.9999344581	0.9998114177	0.9999555556	0.9999073930000001	0.9977787556000001	0.9977971896000001	0.9977845073	0.9931995482	0.9931812753	0.9977938323000001	0.9932037163	0.9977202959	0.9932168792	0.993228434	0.9977353052000001	0.9954630218	0.9940734578	0.9977021624	0.9977277377	0.9976925035	0.9965355904000001	0.9978199043
H007_148	0.9924431859	0.9975847762000001	0.9903680356000001	0.9999699581	0.9939427309000001	0.9940054742000001	0.9940770674	0.7465080059	0.9940833436000001	0.9926787811000001	0.9979376003	0.9999506764	1.0	0.9999421184	0.9995510157	0.9999411960000001	0.9999084997000001	0.9999433255000001	0.9999418502	0.9937139069	0.9999128083000001	0.9999365258	0.9999629478000001	0.9997462297	0.9999612679000001	0.9999705666	0.9978735264	0.9978605692	0.9978807658000001	0.9936105266	0.9936225829	0.9979305450000001	0.9936373534	0.9978653874000001	0.9936126636	0.9935611329	0.9979179334	0.9953708565	0.9939174302	0.9977198669	0.9977810204	0.9978364901000001	0.9966239029	0.9979584511
H007_154	0.9922093463	0.9976311366	0.9902987282000001	0.9998405294	0.9933159859	0.9933343472	0.9932508418	0.7454469426	0.9933136947000001	0.9925210674	0.997924307	0.9998460339	0.9998751408000001	1.0	0.9994573078000001	0.9998518080000001	0.9998303635	0.9999387451	0.9999578428	0.9932686486000001	0.9998128937	0.9999174681	0.9998782589	0.9998300419	0.9999268335	0.9999195875	0.9977964085000001	0.997731118	0.9977695859000001	0.9933413266000001	0.9932867624	0.9978248846000001	0.9933554109	0.9978248957	0.9933170101000001	0.9933637236	0.9977766432	0.9954333602000001	0.9942224354	0.9976750409	0.9978053149	0.9977640237000001	0.9964669269	0.9978397210000001
H007_156	0.9921180916000001	0.9976614934	0.9903786457	0.9999248821000001	0.9936082989	0.9935469753	0.9936379623	0.7460031275	0.9935801975	0.9924464738000001	0.9980254752000001	0.9999498706000001	0.9999089	0.9999524585	1.0	0.9999500238000001	0.9999023148	0.9999099235000001	0.9999088918000001	0.9935027382	0.9999112104000001	0.9999450660000001	0.9998787909000001	0.9997070458	0.9999494433	0.99995882	0.9979084657	0.9979518532	0.9979550598	0.9936238201	0.9936244120000001	0.9980047751000001	0.9936051627	0.9979001539000001	0.9935950722	0.9936042002000001	0.9979878069	0.9954365692	0.9942903745	0.9978615220000001	0.9978170368	0.9978724186000001	0.9964144428	0.9980287867000001
H007_157	0.9924054786000001	0.9975719331	0.9904332851000001	0.9998820949	0.9933267385000001	0.9934489806000001	0.9934431044	0.7456984676	0.9934988451000001	0.9927610541	0.9979466883	0.9998706329	0.9998549083	0.9998343981000001	0.9994921598000001	1.0	0.9998075591000001	0.9998501887000001	0.9998998976000001	0.9932480904000001	0.9997915439	0.9999010834000001	0.9998961417000001	0.9997592823	0.9999078867000001	0.9998824186	0.9978769361000001	0.9977629324	0.9978755907	0.9935710123	0.9935712189	0.9978606183000001	0.9936001320000001	0.9978595048000001	0.9935732463	0.993585652	0.9978801101	0.9955077389	0.9941239023	0.9976997763000001	0.9977566497	0.9977358340000001	0.996622514	0.9978414302
H007_158	0.9924216506	0.9977390889000001	0.9902340565000001	0.999885181	0.9933228831	0.993513686	0.9935013194000001	0.7462822068	0.9935481740000001	0.9927048956000001	0.9979800056	0.9998701725	0.9999448186000001	0.9998836181	0.9994921188	0.9998861111	1.0	0.999941065	0.9999446393	0.9932635336000001	0.9999830347	0.9999433795	0.9999362101	0.9997467147	0.9999484087	0.9999710039	0.9979353588000001	0.997937524	0.9979321023000001	0.9934338107	0.9934119276000001	0.9979597233	0.9934446656	0.9979339084000001	0.9934032740000001	0.9933786722000001	0.9979289416	0.9953433403	0.9938595385000001	0.9977485116	0.9977730671	0.9979211994	0.9967406211000001	0.9978793331
H007_162	0.9919288592000001	0.9974446330000001	0.9901156238000001	0.9998510464	0.9932252418	0.9933896026000001	0.9933836865000001	0.7471188744	0.9933526402	0.9921649788	0.9978865942	0.9999034589	0.9998902429000001	0.9998393783	0.9995684719000001	0.9997786848	0.9997693804000001	1.0	0.9999363356000001	0.9933185319000001	0.9997915722	0.9998961882	0.9999200340000001	0.9996862965000001	0.9998946552	0.9999290029000001	0.9978496355	0.9977467394	0.9978432316	0.9935957582	0.9935933589	0.9979121346000001	0.993597908	0.99777227	0.9935875736	0.9935795980000001	0.9978627352	0.9951338608	0.9936182923	0.997725	0.9977250638	0.997662794	0.9965300791	0.9978347032
H007_172	0.992017652	0.9975922675000001	0.9899133772	0.999778614	0.9932589629	0.9933400737	0.9933973297	0.745696266	0.9933658717	0.9922659794	0.9979539836	0.9999471783	0.9999144879	0.9999329126000001	0.9993575085	0.9997841904	0.9998635720000001	0.9999501095000001	1.0	0.9932947483000001	0.9998769739000001	0.9999219045000001	0.9999586926	0.9996922655	0.9999391367	0.9999026964000001	0.9978582318	0.9978554312000001	0.9978879865	0.9933290113000001	0.9933410357	0.9979203664	0.9933275672	0.9978323348	0.9933442731000001	0.9933510907	0.9979198224	0.9951474146	0.9936045412000001	0.9977659944	0.9977869192000001	0.9978090356	0.9962482449000001	0.9979251607
H007_176_hybrid	0.9933732794000001	0.9927128696	0.9894184308	0.9928808014	0.9942258856	0.9943449049	0.9944548697000001	0.7519843199	0.9943638601	0.9935437794	0.9926580941	0.9927411244000001	0.9928897947	0.9928673737	0.9929877935	0.9927229847000001	0.9925887216	0.9930853872000001	0.9927085588000001	1.0	0.9927215502000001	0.9928777968	0.9928655974	0.9928978723	0.9929005392	0.99292189	0.9925531948	0.9922943499	0.9928168727000001	0.9959293326	0.9960235909	0.9926799756	0.9959450301	0.9927617638	0.9960830845	0.9960234781	0.9926116308	0.9945024687	0.9944884804	0.9926333192000001	0.9928760116	0.9924174977	0.9932990528000001	0.9925219897
H007_181	0.9923320368	0.9976401532	0.9904882233000001	0.9997880557000001	0.9933532766000001	0.9934791308	0.9934678627	0.7456018887	0.9935039951	0.9925307307000001	0.9979045127	0.9999603354000001	0.9998949699	0.9998845850000001	0.9994570345	0.9998030947000001	0.9999383683	0.9999133098	0.9999424234000001	0.9931836350000001	1.0	0.9999283386000001	0.9999120393	0.9997733351	0.9999471997	0.9999372872000001	0.9978596346	0.9978776481	0.9978764608	0.9935036327000001	0.9935000829	0.9978840068	0.9935352257000001	0.9978538099	0.9935035135	0.9934558108	0.9978719168000001	0.9952658039000001	0.9939205508000001	0.9976499206	0.9976786457000001	0.9978314658	0.9964244637	0.9978494503
H007_183	0.9923373010000001	0.9976630608	0.9901249645	0.9998809832000001	0.9932471089	0.9932983539	0.9932820222000001	0.7461519444	0.9933268054000001	0.9925556512	0.9979992538	0.9999870118	0.9999542894000001	0.9999631802000001	0.9995892769	0.9998538659	0.9999349019	0.9999723545	0.9999904965	0.993498274	0.9999487317	1.0	0.9999449386	0.9997655489	0.9999842208	0.9999760983	0.9979046115	0.9979227268	0.9979485351	0.9934281109	0.9934126667000001	0.997983613	0.9934212569	0.9979341211	0.9934113776000001	0.9933655624000001	0.9979483409000001	0.9954534479	0.9940713798	0.9977896431000001	0.9978183385	0.9979048426	0.9966348049	0.9979756602000001
H007_187	0.9922822312	0.9977204788	0.9905690663000001	0.9999439475	0.9932023560000001	0.9932645317000001	0.9932597227000001	0.7461505015000001	0.9932776378	0.9924455801000001	0.9979634651	0.9999785621	0.9999835016	0.9999732410000001	0.9994513607000001	0.9999892156	0.9999330225	0.9999667879	0.9999389459	0.9932645684	0.9999476577	0.9999810442	1.0	0.9998395206	0.9999817725000001	0.9999895764000001	0.9979374612	0.9979024206	0.9979719893000001	0.9934039668	0.9933362051000001	0.9979415056000001	0.9934302946	0.9979030965000001	0.993394584	0.9934220455	0.9979073524000001	0.9954628524	0.9941219459	0.9977203934000001	0.9978208836	0.99788537	0.9966458844	0.9979904213
H007_188	0.9923901211	0.9978469253000001	0.9905104732000001	0.9997271996	0.9937374079000001	0.9938248219	0.9938483612000001	0.7456091984000001	0.9937358284000001	0.9926358867	0.9979659417000001	0.9998859612000001	0.9998854679	0.9997911845	0.9994709304	0.9997172828	0.9997487743000001	0.9998797984000001	0.9999032984	0.9937465243	0.9997989879	0.9998958316000001	0.9998908340000001	1.0	0.9999066072	0.9998069340000001	0.9979279649	0.9977908608	0.9978907509	0.9938673640000001	0.9938457367	0.9978380408	0.9938717478	0.9978555464000001	0.9938401912	0.9938417983000001	0.9978223648000001	0.9956710203	0.9944398910000001	0.9978889399	0.9979802438	0.9977336921000001	0.9967801797	0.997862777
H007_190	0.9921729484	0.9976988845	0.9902292890000001	0.9999511703	0.9933101603000001	0.9933364837	0.9933664539	0.7453122709000001	0.9933435564	0.9925033566	0.9979501159	0.9999616606	0.9999346132	0.9999413883	0.9996121089000001	0.9999090964	0.9999125052000001	0.9999414786	0.9999492913	0.9933251788	0.9999391453	0.9999489266	0.9998685834000001	0.9998161321000001	1.0	0.9999538425000001	0.9979065149	0.9979206459000001	0.9979424950000001	0.9936848196	0.9937074623000001	0.9979272365	0.9936937792	0.9979075821000001	0.9936846876000001	0.9936388844	0.9979254987	0.995459584	0.9940336074	0.9977410425000001	0.9978259904000001	0.9978715821	0.9964881052000001	0.9979611177000001
H007_194	0.9922687933000001	0.9976993902000001	0.9904364954	0.9998580545	0.9934041126	0.9934335652	0.9934751422	0.7453483056	0.9934836631	0.9925387792	0.9979456098	0.9998881448	0.9999563724	0.9999051476	0.999439979	0.9998875596000001	0.9999262042	0.9999548042	0.9999107163000001	0.9935541440000001	0.9999374092000001	0.9999498093	0.9999499895	0.9998189031	0.9999595873	1.0	0.9978488870000001	0.9979058754000001	0.9979095873	0.9932941841	0.9933046102	0.9979791269	0.9933527502	0.9978625735000001	0.9933409674	0.9933593614	0.9978962316000001	0.9954456111000001	0.9940544628	0.9978152576	0.9978366912000001	0.997799575	0.9964957265000001	0.9979345239
H009_202	0.9927764720000001	0.9993942138	0.9908314337	0.9983486020000001	0.9935969247	0.9936112796000001	0.9936482553	0.7459121277	0.9935603707	0.992816345	0.9998508429	0.9983467974	0.9983061714	0.9983415831	0.9979800028	0.9983259628000001	0.9982511014000001	0.9983412824000001	0.9983722266	0.9931424651	0.9982641918	0.9984185010000001	0.9984803299	0.9982108929000001	0.9983850197	0.9983474634	1.0	0.9997119927	0.9998757627	0.9934953735000001	0.9935110890000001	0.9998669987000001	0.9935224398	0.9996655332000001	0.9935148344	0.9934689053	0.9998729551000001	0.9947544523	0.9944001477000001	0.9995812503	0.9996883434	0.9995594289	0.998122951	0.9998733707
H009_205	0.9924007778	0.9995120732	0.9903426425	0.9981836379000001	0.9934194580000001	0.9934937131	0.9935019162000001	0.7467951518	0.9934676084	0.9924434021	0.9997832203	0.9982195202	0.9981775372	0.9982680269	0.9978140484	0.9981969233	0.9982859686000001	0.9981931091	0.9982573836	0.9928317999	0.9982867124	0.9982248374	0.9982816166	0.9980726989	0.9982017461	0.9982609004	0.9997788008	1.0	0.9997466059000001	0.9932187014	0.9933071335	0.9999056068000001	0.9932925910000001	0.9997021128	0.9933007439	0.9932986362	0.9998600781	0.9950784981	0.9946115514	0.9994273269	0.9996096021	0.999660721	0.99816485	0.9997226493
H009_211	0.9919155855	0.9989982894	0.9896721705	0.9983306011	0.9929961890000001	0.9930397288	0.9930868102	0.746429501	0.992989717	0.9919245342	0.9994108639	0.9983772947	0.9983557757	0.9983394185000001	0.9979135417	0.9982167957	0.9982487328	0.9983340247	0.9983440292	0.9927648372000001	0.9982618425	0.9983908261000001	0.9984167332	0.9980470439	0.9983600421000001	0.9983107364	0.9992844517	0.9992493667000001	1.0	0.9924654184	0.9924786477	0.9993011432000001	0.9924799822	0.9997364789000001	0.9924978404	0.992491357	0.9993040182	0.9950892494	0.9944621672	0.9990731942000001	0.9992381759000001	0.9990957728000001	0.9982888441000001	0.9993260057000001
H009_213	0.9941085424	0.9935670778000001	0.9914590006	0.9935991119	0.9955282094000001	0.9956487805	0.9956631884	0.7467065419000001	0.9956545121	0.9943297061	0.9935508508	0.9936409536	0.9935812020000001	0.993570575	0.9934949969	0.9935808636000001	0.9935221119000001	0.9936017497	0.9935744407	0.9969888014	0.9935084071	0.9935653091000001	0.9936393266	0.9935707723	0.9935949539000001	0.9935819029	0.9935090398	0.9934455887	0.9933952142	1.0	0.9999737527	0.9935767679	0.9999523569000001	0.9933976034	0.999987978	0.9999859968	0.99347551	0.9950912202000001	0.9950621346	0.9936362804000001	0.9936093666	0.993439708	0.9943780980000001	0.9935283480000001
H009_215	0.9944595623	0.9940479501	0.9914563371	0.994204379	0.9959466007000001	0.9958870399	0.9959391731	0.7455155545000001	0.9958323095	0.994652678	0.9940627894	0.9942847717000001	0.994192621	0.9941889741000001	0.9941929646000001	0.9942446965	0.9941335657	0.9942052343000001	0.9942340185	0.9965970576000001	0.9940749615000001	0.9942040611	0.9942619772000001	0.9941702283	0.9942274168	0.9942106319	0.9939853965000001	0.9939295464000001	0.9936408318000001	0.9998925465	1.0	0.9940184478	0.9999334320000001	0.9936860302	0.9999554607000001	0.9999758221	0.9939094291	0.9948223164000001	0.9946962439	0.9939598936	0.9940618428	0.9939212481	0.9941155452	0.9939803767000001
H009_217	0.9929200177	0.9994469583000001	0.9908744884	0.9984127921	0.9935250969	0.9935649576000001	0.9936506970000001	0.7452727255	0.9935160327	0.9929271568	0.9998565631	0.9984542741	0.9984239629	0.9984576426	0.9981316149	0.998425365	0.9982938507	0.9984313804	0.9984457143000001	0.9932664465000001	0.998276526	0.9984597359	0.9984762205000001	0.9982623844	0.9984428632000001	0.9984439190000001	0.9998411822000001	0.9997935216	0.9998387119000001	0.9935649188000001	0.9935926570000001	1.0	0.9935754447	0.9996723511000001	0.9935837943	0.9935585268	0.9998972965	0.9950258999	0.9945154768000001	0.9996018294000001	0.9996880769	0.9996021629	0.9981444128	0.9998247731000001
H009_218	0.9944324043	0.9938941560000001	0.9911611879000001	0.9939925525000001	0.9958078739	0.9958502189	0.9958414561000001	0.7458233660000001	0.9958205266000001	0.9946637426	0.9938900761	0.994050618	0.9938873665000001	0.9939935216	0.9939816456	0.9940059691	0.9939034075000001	0.9939691389	0.9939664764	0.996820154	0.9938375633000001	0.9939692771	0.9940290025	0.9939725517	0.9939934455	0.9939838314	0.9938198082	0.9937828293000001	0.9935326647	0.9999407904000001	0.9999570051000001	0.9939187123000001	1.0	0.9935831086	0.9999705416	0.9999632098000001	0.9938207608	0.9950988006	0.9950630972000001	0.9939424711	0.9939467786	0.9937360396	0.9941663097000001	0.9938453226
H009_219	0.9920578991000001	0.999177183	0.989613845	0.9985983526000001	0.9934349545000001	0.9934568287000001	0.9935650319	0.7456539247	0.9934604068	0.9921020954	0.9994559498000001	0.9986213801	0.9985927966	0.998618226	0.9982073405	0.9985161868	0.9984620391000001	0.9985876688	0.9986173254	0.9930154548000001	0.998456957	0.9986227388000001	0.998647983	0.998335034	0.9985834915	0.9985740385	0.9992695289	0.9992428654000001	0.9998876512	0.9926685364000001	0.9927281235000001	0.9993770991	0.9926843739000001	1.0	0.9927244464	0.9926777221	0.9993966684000001	0.9951937298	0.9945890345	0.999188422	0.9992925650000001	0.9992394575	0.9982710663000001	0.9993763639000001
H009_220	0.9943951638	0.9940559676	0.9911358627	0.9941187960000001	0.9959660462000001	0.9959671336	0.9959917323	0.746793865	0.9959073414	0.9946273091000001	0.9940849496	0.9941793744	0.9940265882	0.9941058836000001	0.9941001084000001	0.9941709319	0.9939777957	0.9941289598	0.9941603467000001	0.9966440453000001	0.9939683684	0.9941141667000001	0.9941973513000001	0.9941067389	0.9941460731	0.9940565996	0.9939639115000001	0.9938916687	0.9936685732	0.9999435385000001	0.9999610321000001	0.9940665649	0.9999690353	0.9936362352	1.0	0.9999570547000001	0.993876509	0.9948204178000001	0.9947199294000001	0.9940070385	0.9941448669	0.9939375925	0.9943214481	0.9940193252
H009_221_hybrid	0.9937048664	0.9934763293000001	0.9899403971	0.993335571	0.9957820838	0.9958336217	0.9958652075000001	0.7516152137000001	0.9958137650000001	0.9939781676	0.9932111462000001	0.9932131015000001	0.9934141356	0.9934781815	0.9934396931	0.9933566989	0.9933244316000001	0.9935903032000001	0.9932756835000001	0.996602171	0.9933158836	0.9931611695	0.9934633445000001	0.9933572404000001	0.9933443469000001	0.9933620603000001	0.9930922910000001	0.9928429504	0.9930252381	0.9997605893	0.9998197814	0.9932152991000001	0.9997054707	0.9930466189	0.9998331038	1.0	0.9930496637	0.9945050738000001	0.9945523785	0.9932217513	0.9934431791	0.9929112860000001	0.9935446339	0.9930841592
H009_228	0.99252401	0.9994946487	0.9904272144	0.9980994096	0.9931999697	0.9932271995	0.9933056498	0.7459825	0.9932078989	0.9926437526	0.99977497	0.9980910129	0.9980598258000001	0.9980438016000001	0.9977119504	0.9979347726000001	0.9979517488	0.9980558961	0.9980788052	0.9931867041	0.9979694091	0.9980803486000001	0.9981189958000001	0.9980121348000001	0.9980296824	0.998037739	0.9997216780000001	0.9997032123	0.9998282512000001	0.9929790030000001	0.9930329454000001	0.9997977552	0.9930255995	0.9995653513	0.9930139952	0.9929795292	1.0	0.9951927141	0.9947066174	0.9996427888	0.9997194662000001	0.9995401596000001	0.9980656894000001	0.9998462933000001
H009_230	0.9932886147000001	0.995169111	0.9917351346000001	0.9956335676	0.9946587856	0.9947408246	0.9947988445	0.746442798	0.9947236296	0.9931745225	0.9954231114000001	0.9956609598	0.9956529052	0.9955636163	0.9956004914000001	0.9956938278	0.9954692732	0.9956730137	0.9956312775	0.9952671907	0.9955065395	0.9956303903	0.9956773317000001	0.9956011452	0.9956363647	0.9956038785	0.9953807557000001	0.9953116861	0.9959678977	0.9950967258000001	0.9950781147000001	0.9954467005000001	0.9950955888	0.9958099822	0.9950559262	0.9950282267	0.9953905617000001	1.0	0.9998510760000001	0.9953696683000001	0.9954467665000001	0.9952024311000001	0.9992379298	0.9954352735
H009_234	0.9926116571	0.9946450089000001	0.9914960371	0.9946347291000001	0.9945367853	0.9946121066	0.9946365613	0.745751379	0.9944117678000001	0.9926266687	0.9948330774	0.9946864534000001	0.9946582204000001	0.9946397613000001	0.9946471555	0.9947577320000001	0.9945134847	0.9946966107	0.9946910430000001	0.9949934364	0.994517763	0.9946785887	0.9947004978	0.9947078944000001	0.9946686089000001	0.9946298468	0.9948596013000001	0.9947052313	0.9954418233000001	0.9948624023	0.9948754310000001	0.9948162890000001	0.9948778952	0.9952503128	0.9948548934	0.9948778315000001	0.99477775	0.9998994629000001	1.0	0.9948993323	0.9949464352	0.9946280113	0.9990388806	0.9948468832
H009_236	0.992310059	0.9996490003	0.9904478299	0.9982883709	0.9935465120000001	0.9933809833	0.9935423915	0.7456734322	0.9934572126000001	0.9924333116	0.9999632077	0.998316897	0.9982387828	0.9982592650000001	0.9979237864	0.998282419	0.9981259385000001	0.9983097268000001	0.9983281708	0.9932355771	0.998175475	0.9983154891	0.9983357981000001	0.9983604006000001	0.9982258946	0.9982628797	0.9998598246	0.9997720902	0.9998996544000001	0.9932979609	0.9933733293	0.9998929293000001	0.9933226743	0.9997132031	0.9933960434	0.9933798107	0.9998983015	0.9951137726	0.9945824149	1.0	0.999989431	0.9996152533	0.9981128689000001	0.9998335018000001
H009_251	0.9924808097000001	0.9997209246000001	0.9903685990000001	0.9983401469000001	0.9937960413	0.9936638310000001	0.9938000304000001	0.7465360630000001	0.9935906108	0.9924956341000001	0.9999053653000001	0.998438762	0.9983411667000001	0.9984036805000001	0.9980252763	0.9984382698000001	0.9982793041	0.9984324569	0.9983739904000001	0.9928831892000001	0.9982811422000001	0.9983945778000001	0.9983326872	0.9985458128	0.998368004	0.9983989036	0.9998768747000001	0.9996868865	0.9998340361	0.9934871605000001	0.9934982551	0.9997788656000001	0.9935113323	0.9997139097000001	0.9934983032	0.9934572429	0.9998191664	0.9950670742000001	0.9947806746000001	0.9998787720000001	1.0	0.9995905732	0.9981549478	0.9998646906
H009_255	0.9928451810000001	0.9997544357	0.9905934968000001	0.9984476123	0.9935185401000001	0.9934970964000001	0.993595459	0.7463719189	0.9935721847000001	0.9930765933000001	0.99989701	0.9984636245	0.9984245537	0.9984719582	0.9982417893000001	0.9984259368	0.9984129432000001	0.9984000706	0.9984554880000001	0.9933897171	0.9984005195000001	0.9984891012	0.9984432777000001	0.9982687209000001	0.9984299040000001	0.9984418953	0.9996976761	0.9998208522	0.9998102285	0.9935990637000001	0.9936770235000001	0.9998605302	0.9936688397000001	0.99985178	0.9936560736000001	0.9936396988	0.9997898163000001	0.9953370739	0.9948697444000001	0.9997199421	0.9997446164	1.0	0.998382898	0.9998324763
H009_256	0.9908805843	0.9959474598	0.9894008044	0.9955768194000001	0.9926129254	0.9927585606	0.9926372560000001	0.7468913619	0.992547433	0.9910064054000001	0.9964114980000001	0.9956738209	0.9956011223000001	0.9955939474000001	0.9951800788	0.9955607445	0.9955503995	0.9956007451000001	0.995619588	0.9920658876	0.9955482442	0.9955823388	0.9956360364000001	0.9954102312	0.9955781712	0.9955922355000001	0.9963907045	0.9962976183000001	0.9969161008	0.9920192061	0.992023474	0.9963860234	0.9920443290000001	0.9967706588	0.9920279898000001	0.9919301189	0.9964262687000001	0.9968264950000001	0.9963960204000001	0.9961223349	0.9962022879	0.9960962825	1.0	0.9964538792000001
H009_259	0.9926993862000001	0.9994154376000001	0.9904194157	0.9981977503	0.9933787204000001	0.9933263416	0.9933648319	0.7467146765	0.9932704331000001	0.9928513575000001	0.9998060992000001	0.9982378159	0.9982030298000001	0.9982865157	0.9978992668000001	0.9981817369	0.9980768535000001	0.9982301826000001	0.9982325984	0.9929278221000001	0.9980661902000001	0.9983455305000001	0.9983522304	0.9981038720000001	0.9983030717	0.9982055837	0.9998110882000001	0.9995901570000001	0.9998453965	0.9930030108000001	0.9930949025	0.9997420125	0.9930619820000001	0.9996184183000001	0.9930754472000001	0.9930591244	0.9998748187000001	0.9951860937	0.9947099321	0.9996002879	0.9997316780000001	0.9994791878	0.9982036913000001	1.0
